Time,Latitude,Longitude,Course,kts,mph,Altitude(m),Rate,Reporting Facility,Time Diff,m/s,Dist from lp,tilt,TrajectoryId,FlightId,Origin,Destination
Fri 11:52:46,25.2819,51.6152,338.0,158.0,182.0,37.0,257.0, FlightAware ADS-B  (DIA / OTBD) ,0.0,80.88888888888889,0.0,0.0,OnGoing,QTR834,OTHH,VTBS
Fri 11:53:02,25.2925,51.6102,335.0,160.0,184.0,130.0,381.0, FlightAware ADS-B  (DIA / OTBD) ,16.0,81.77777777777777,1308.4444444444443,4.075835445718462,OnGoing,QTR834,OTHH,VTBS
Fri 11:53:21,25.3058,51.6037,338.0,160.0,184.0,259.0,418.0, FlightAware ADS-B  (DIA / OTBD) ,19.0,81.77777777777777,1553.7777777777776,4.762375408312262,OnGoing,QTR834,OTHH,VTBS
Fri 11:53:37,25.3164,51.5991,339.0,158.0,182.0,373.0,314.0, FlightAware ADS-B  (DIA / OTBD) ,16.0,80.88888888888889,1294.2222222222222,5.053378556311121,OnGoing,QTR834,OTHH,VTBS
Fri 11:53:53,25.328,51.5943,339.0,175.0,201.0,427.0,200.0, FlightAware ADS-B  (DOH / OTHH) ,16.0,89.33333333333333,1429.3333333333333,2.1651412640405754,OnGoing,QTR834,OTHH,VTBS
Fri 11:54:09,25.3403,51.5899,349.0,196.0,226.0,480.0,229.0, FlightAware ADS-B  (DIA / OTBD) ,16.0,100.44444444444444,1607.111111111111,1.8898674766205912,OnGoing,QTR834,OTHH,VTBS
Fri 11:54:25,25.3574,51.5907,17.0,224.0,258.0,549.0,305.0, FlightAware ADS-B  (DIA / OTBD) ,16.0,114.66666666666667,1834.6666666666667,2.1553459421568477,OnGoing,QTR834,OTHH,VTBS
Fri 11:54:42,25.3723,51.601,47.0,252.0,290.0,648.0,538.0, FlightAware ADS-B  (DOH / OTHH) ,17.0,128.88888888888889,2191.111111111111,2.5896513771073018,OnGoing,QTR834,OTHH,VTBS
Fri 11:54:59,25.3811,51.6208,81.0,271.0,312.0,853.0,709.0, FlightAware ADS-B  (DOH / OTHH) ,17.0,138.66666666666666,2357.333333333333,4.988895566265687,OnGoing,QTR834,OTHH,VTBS
Fri 11:55:31,25.3748,51.6651,103.0,284.0,327.0,1227.0,705.0, FlightAware ADS-B  (DOH / OTHH) ,32.0,145.33333333333334,4650.666666666667,4.612626008840757,OnGoing,QTR834,OTHH,VTBS
Fri 11:55:47,25.3698,51.689,103.0,287.0,330.0,1417.0,646.0, FlightAware ADS-B  (DOH / OTHH) ,16.0,146.66666666666666,2346.6666666666665,4.644088368538527,OnGoing,QTR834,OTHH,VTBS
Fri 11:56:17,25.3613,51.7324,102.0,294.0,338.0,1722.0,648.0, FlightAware ADS-B  (DOH / OTHH) ,30.0,150.22222222222223,4506.666666666667,3.8806021710971685,OnGoing,QTR834,OTHH,VTBS
Fri 11:56:47,25.3527,51.776,102.0,297.0,342.0,2065.0,666.0, FlightAware ADS-B  (DOH / OTHH) ,30.0,152.0,4560.0,4.313822761376599,OnGoing,QTR834,OTHH,VTBS
Fri 11:57:03,25.348,51.8008,102.0,301.0,346.0,2233.0,606.0, FlightAware ADS-B  (DIA / OTBD) ,16.0,153.77777777777777,2460.4444444444443,3.915221986632609,OnGoing,QTR834,OTHH,VTBS
Fri 11:57:33,25.3392,51.8459,102.0,307.0,353.0,2530.0,594.0, FlightAware ADS-B  (DOH / OTHH) ,30.0,156.88888888888889,4706.666666666667,3.6178810020642693,OnGoing,QTR834,OTHH,VTBS
Fri 11:58:03,25.3305,51.8901,102.0,311.0,358.0,2827.0,567.0, FlightAware ADS-B  (DOH / OTHH) ,30.0,159.11111111111111,4773.333333333333,3.567286080614976,OnGoing,QTR834,OTHH,VTBS
Fri 11:58:48,25.3164,51.962,103.0,329.0,379.0,3239.0,445.0, FlightAware ADS-B  (DOH / OTHH) ,45.0,168.44444444444446,7580.000000000001,3.1157651463978557,OnGoing,QTR834,OTHH,VTBS
Fri 11:59:18,25.3019,52.0132,108.0,356.0,410.0,3383.0,270.0, FlightAware ADS-B  (DIA / OTBD) ,30.0,182.22222222222223,5466.666666666667,1.5094292728129914,OnGoing,QTR834,OTHH,VTBS
Fri 11:59:49,25.2858,52.0687,108.0,380.0,437.0,3513.0,354.0, FlightAware ADS-B  (DIA / OTBD) ,31.0,194.22222222222223,6020.888888888889,1.2371977512344843,OnGoing,QTR834,OTHH,VTBS
Fri 12:00:20,25.2689,52.1266,108.0,389.0,448.0,3749.0,420.0, FlightAware ADS-B  (DOH / OTHH) ,31.0,199.11111111111111,6172.444444444444,2.191206544269003,OnGoing,QTR834,OTHH,VTBS
Fri 12:00:50,25.2521,52.1842,108.0,400.0,460.0,3940.0,488.0, FlightAware ADS-B  (DOH / OTHH) ,30.0,204.44444444444446,6133.333333333334,1.784553824640213,OnGoing,QTR834,OTHH,VTBS
Fri 12:01:20,25.235,52.2428,108.0,398.0,458.0,4237.0,579.0, FlightAware ADS-B  (DOH / OTHH) ,30.0,203.55555555555554,6106.666666666666,2.7877012454998487,OnGoing,QTR834,OTHH,VTBS
Fri 12:01:50,25.2184,52.3001,108.0,398.0,458.0,4519.0,525.0, FlightAware ADS-B  (DOH / OTHH) ,30.0,203.55555555555554,6106.666666666666,2.646805343301489,OnGoing,QTR834,OTHH,VTBS
Fri 12:02:21,25.2009,52.3601,108.0,400.0,460.0,4770.0,478.0, FlightAware ADS-B  (DOH / OTHH) ,31.0,204.44444444444446,6337.777777777778,2.2697234295695186,OnGoing,QTR834,OTHH,VTBS
Fri 12:02:55,25.1813,52.4273,108.0,404.0,465.0,5037.0,471.0, FlightAware ADS-B  (DIA / OTBD) ,34.0,206.66666666666666,7026.666666666666,2.1776551520586396,OnGoing,QTR834,OTHH,VTBS
Fri 12:03:28,25.1626,52.4913,108.0,405.0,466.0,5296.0,377.0, FlightAware ADS-B  (DIA / OTBD) ,33.0,207.11111111111111,6834.666666666667,2.171746130814667,OnGoing,QTR834,OTHH,VTBS
Fri 12:03:58,25.1451,52.5512,108.0,416.0,479.0,5433.0,282.0, FlightAware ADS-B  (DWC / OMDW) ,30.0,212.88888888888889,6386.666666666667,1.2291425732990355,OnGoing,QTR834,OTHH,VTBS
Fri 12:04:15,25.1341,52.5867,111.0,421.0,484.0,5517.0,377.0, FlightAware ADS-B  (DIA / OTBD) ,17.0,215.11111111111111,3656.888888888889,1.316219596739067,OnGoing,QTR834,OTHH,VTBS
Fri 12:05:01,25.0942,52.6747,116.0,425.0,489.0,5829.0,368.0, FlightAware ADS-B  (DOH / OTHH) ,46.0,217.33333333333334,9997.333333333334,1.7883955330984034,OnGoing,QTR834,OTHH,VTBS
Fri 12:05:32,25.0679,52.7341,116.0,431.0,496.0,5989.0,317.0, FlightAware ADS-B  (DOH / OTHH) ,31.0,220.44444444444446,6833.777777777778,1.341595055435326,OnGoing,QTR834,OTHH,VTBS
Fri 12:05:50,25.0533,52.772,108.0,433.0,498.0,6088.0,297.0, FlightAware ADS-B  (DIA / OTBD) ,18.0,221.33333333333334,3984.0,1.4239121735459568,OnGoing,QTR834,OTHH,VTBS
Fri 12:06:29,25.0349,52.8547,104.0,440.0,506.0,6271.0,332.0, FlightAware ADS-B  (DOH / OTHH) ,39.0,224.88888888888889,8770.666666666666,1.1955634593257054,OnGoing,QTR834,OTHH,VTBS
Fri 12:07:03,25.0176,52.9296,104.0,443.0,510.0,6492.0,348.0, FlightAware ADS-B  (DWC / OMDW) ,34.0,226.66666666666666,7706.666666666666,1.643266009086848,OnGoing,QTR834,OTHH,VTBS
Fri 12:07:36,25.0007,53.0033,104.0,448.0,516.0,6660.0,322.0, FlightAware ADS-B  (DOH / OTHH) ,33.0,229.33333333333334,7568.0,1.2719981101296882,OnGoing,QTR834,OTHH,VTBS
Fri 12:08:07,24.9852,53.0719,104.0,451.0,519.0,6835.0,369.0, FlightAware ADS-B  (DOH / OTHH) ,31.0,230.66666666666666,7150.666666666666,1.4023535225715922,OnGoing,QTR834,OTHH,VTBS
Fri 12:08:38,24.9695,53.1408,104.0,452.0,520.0,7041.0,352.0, FlightAware ADS-B  (DIA / OTBD) ,31.0,231.11111111111111,7164.444444444444,1.6476584617373924,OnGoing,QTR834,OTHH,VTBS
Fri 12:09:12,24.9523,53.2151,104.0,457.0,526.0,7216.0,288.0, FlightAware ADS-B  (DWC / OMDW) ,34.0,233.77777777777777,7948.444444444444,1.2615766178141963,OnGoing,QTR834,OTHH,VTBS
Fri 12:09:43,24.9358,53.2867,104.0,463.0,533.0,7353.0,285.0, FlightAware ADS-B  (DXB / OMDB) ,31.0,236.88888888888889,7343.555555555556,1.0689613674183522,OnGoing,QTR834,OTHH,VTBS
Fri 12:10:13,24.9203,53.3533,104.0,465.0,535.0,7506.0,247.0, FlightAware ADS-B  (RKT / OMRK) ,30.0,237.77777777777777,7133.333333333333,1.2290083943091352,OnGoing,QTR834,OTHH,VTBS
Fri 12:10:44,24.9035,53.4256,104.0,475.0,547.0,7605.0,247.0, FlightAware ADS-B  (DOH / OTHH) ,31.0,243.11111111111111,7536.444444444444,0.7526686304241158,OnGoing,QTR834,OTHH,VTBS
Fri 12:11:14,24.886,53.4933,107.0,476.0,548.0,7757.0,326.0, FlightAware ADS-B  (RKT / OMRK) ,30.0,243.55555555555554,7306.666666666666,1.1920054870380608,OnGoing,QTR834,OTHH,VTBS
Fri 12:11:47,24.8637,53.5711,107.0,478.0,550.0,7948.0,322.0, FlightAware ADS-B  (DXB / OMDB) ,33.0,244.44444444444446,8066.666666666667,1.3567582676053263,OnGoing,QTR834,OTHH,VTBS
Fri 12:12:18,24.8438,53.6423,107.0,484.0,557.0,8100.0,292.0, FlightAware ADS-B  (NHD / OMDM) ,31.0,247.55555555555554,7674.222222222222,1.1349069332675072,OnGoing,QTR834,OTHH,VTBS
Fri 12:12:48,24.8232,53.7174,107.0,489.0,563.0,8245.0,307.0, FlightAware ADS-B  (DIA / OTBD) ,30.0,250.22222222222223,7506.666666666667,1.1068034744159352,OnGoing,QTR834,OTHH,VTBS
Fri 12:13:19,24.8034,53.7899,106.0,492.0,566.0,8412.0,315.0, FlightAware ADS-B  (DIA / OTBD) ,31.0,251.55555555555554,7798.222222222222,1.2270907925216812,OnGoing,QTR834,OTHH,VTBS
Fri 12:13:46,24.7897,53.8549,100.0,496.0,571.0,8550.0,336.0, FlightAware ADS-B  (DXB / OMDB) ,27.0,253.77777777777777,6852.0,1.1540210453403474,OnGoing,QTR834,OTHH,VTBS
Fri 12:14:08,24.7825,53.911,96.0,498.0,573.0,8687.0,349.0, FlightAware ADS-B  (AZI / OMAD) ,22.0,254.66666666666666,5602.666666666666,1.4011728195155946,OnGoing,QTR834,OTHH,VTBS
Fri 12:14:45,24.7786,54.0027,89.0,502.0,578.0,8893.0,337.0, FlightAware ADS-B  (DOH / OTHH) ,37.0,256.8888888888889,9504.88888888889,1.2418719385261696,OnGoing,QTR834,OTHH,VTBS
Fri 12:15:05,24.7809,54.0546,85.0,504.0,580.0,9007.0,307.0, FlightAware ADS-B  (DOH / OTHH) ,20.0,257.77777777777777,5155.555555555556,1.2670314934890823,OnGoing,QTR834,OTHH,VTBS
Fri 12:15:49,24.7954,54.1668,82.0,512.0,589.0,9220.0,290.0, FlightAware ADS-B  (DXB / OMDB) ,44.0,261.77777777777777,11518.222222222223,1.059598996736425,OnGoing,QTR834,OTHH,VTBS
Fri 12:16:19,24.8049,54.2445,82.0,518.0,596.0,9365.0,356.0, FlightAware ADS-B  (DXB / OMDB) ,30.0,264.8888888888889,7946.666666666668,1.0455137294327168,OnGoing,QTR834,OTHH,VTBS
Fri 12:16:52,24.8159,54.3307,82.0,518.0,596.0,9594.0,479.0, FlightAware ADS-B  (AZI / OMAD) ,33.0,264.8888888888889,8741.333333333334,1.50117084780652,OnGoing,QTR834,OTHH,VTBS
Fri 12:17:22,24.8263,54.4102,82.0,514.0,592.0,9868.0,494.0, FlightAware ADS-B  (DXB / OMDB) ,30.0,263.1111111111111,7893.333333333332,1.9892987507487234,OnGoing,QTR834,OTHH,VTBS
Fri 12:17:54,24.8367,54.4914,82.0,513.0,590.0,10104.0,406.0, FlightAware ADS-B  (AZI / OMAD) ,32.0,262.22222222222223,8391.111111111111,1.6116563206667296,OnGoing,QTR834,OTHH,VTBS
Fri 12:18:24,24.8465,54.5679,82.0,515.0,593.0,10287.0,389.0, FlightAware ADS-B  (RKT / OMRK) ,30.0,263.55555555555554,7906.666666666666,1.3262306926822605,OnGoing,QTR834,OTHH,VTBS
Fri 12:18:54,24.8564,54.6463,82.0,514.0,592.0,10493.0,381.0, FlightAware ADS-B  (RKT / OMRK) ,30.0,263.1111111111111,7893.333333333332,1.4954735001819357,OnGoing,QTR834,OTHH,VTBS
Fri 12:19:24,24.8663,54.725,82.0,514.0,592.0,10668.0,363.0, FlightAware ADS-B  (RKT / OMRK) ,30.0,263.1111111111111,7893.333333333332,1.2703863617405584,OnGoing,QTR834,OTHH,VTBS
Fri 12:19:57,24.8772,54.8111,82.0,513.0,590.0,10874.0,380.0, FlightAware ADS-B  (AZI / OMAD) ,33.0,262.22222222222223,8653.333333333334,1.3641038930379157,OnGoing,QTR834,OTHH,VTBS
Fri 12:20:29,24.8877,54.8941,82.0,511.0,588.0,11079.0,369.0, FlightAware ADS-B  (AUH / OMAA) ,32.0,261.3333333333333,8362.666666666666,1.4046729297177016,OnGoing,QTR834,OTHH,VTBS
Fri 12:20:59,24.8972,54.9704,82.0,509.0,586.0,11255.0,198.0, FlightAware ADS-B  (RKT / OMRK) ,30.0,260.44444444444446,7813.333333333334,1.2907308236054007,OnGoing,QTR834,OTHH,VTBS
Fri 12:21:29,24.9067,55.0476,82.0,508.0,585.0,11278.0,23.0, FlightAware ADS-B  (AUH / OMAA) ,30.0,260.0,7800.0,0.1689493382706058,OnGoing,QTR834,OTHH,VTBS
Fri 12:22:00,24.9164,55.126,82.0,508.0,585.0,11278.0,0.0, FlightAware ADS-B  (DXB / OMDB) ,31.0,260.0,8060.0,0.0,OnGoing,QTR834,OTHH,VTBS
Fri 12:22:30,24.926,55.2035,82.0,511.0,588.0,11278.0,0.0, FlightAware ADS-B  (AUH / OMAA) ,30.0,261.3333333333333,7839.999999999999,0.0,OnGoing,QTR834,OTHH,VTBS
Fri 12:23:02,24.9362,55.2865,82.0,517.0,595.0,11278.0,0.0, FlightAware ADS-B  (RKT / OMRK) ,32.0,264.44444444444446,8462.222222222223,0.0,OnGoing,QTR834,OTHH,VTBS
Fri 12:23:33,24.9455,55.363,82.0,517.0,595.0,11278.0,0.0, FlightAware ADS-B  (RKT / OMRK) ,31.0,264.44444444444446,8197.777777777777,0.0,OnGoing,QTR834,OTHH,VTBS
Fri 12:24:03,24.9554,55.4445,82.0,517.0,595.0,11278.0,0.0, FlightAware ADS-B  (RKT / OMRK) ,30.0,264.44444444444446,7933.333333333334,0.0,OnGoing,QTR834,OTHH,VTBS
Fri 12:24:33,24.9648,55.5226,82.0,517.0,595.0,11278.0,0.0, FlightAware ADS-B  (RKT / OMRK) ,30.0,264.44444444444446,7933.333333333334,0.0,OnGoing,QTR834,OTHH,VTBS
Fri 12:25:03,24.9743,55.6016,82.0,517.0,595.0,11278.0,0.0, FlightAware ADS-B  (RKT / OMRK) ,30.0,264.44444444444446,7933.333333333334,0.0,OnGoing,QTR834,OTHH,VTBS
Fri 12:25:34,24.9837,55.6794,83.0,517.0,595.0,11278.0,0.0, FlightAware ADS-B  (RKT / OMRK) ,31.0,264.44444444444446,8197.777777777777,0.0,OnGoing,QTR834,OTHH,VTBS
Fri 12:26:04,24.993,55.7578,83.0,518.0,596.0,11278.0,0.0, FlightAware ADS-B  (RKT / OMRK) ,30.0,264.8888888888889,7946.666666666668,0.0,OnGoing,QTR834,OTHH,VTBS
Fri 12:26:34,25.0024,55.8367,83.0,519.0,597.0,11278.0,0.0, FlightAware ADS-B  (RKT / OMRK) ,30.0,265.3333333333333,7959.999999999999,0.0,OnGoing,QTR834,OTHH,VTBS
Fri 12:27:09,25.0131,55.9277,83.0,519.0,597.0,11278.0,0.0, FlightAware ADS-B  (DXB / OMDB) ,35.0,265.3333333333333,9286.666666666666,0.0,OnGoing,QTR834,OTHH,VTBS
Fri 12:27:39,25.0225,56.0077,83.0,519.0,597.0,11278.0,0.0, FlightAware ADS-B  (DXB / OMDB) ,30.0,265.3333333333333,7959.999999999999,0.0,OnGoing,QTR834,OTHH,VTBS
Fri 12:28:09,25.0318,56.0867,83.0,518.0,596.0,11278.0,0.0, FlightAware ADS-B  (DXB / OMDB) ,30.0,264.8888888888889,7946.666666666668,0.0,OnGoing,QTR834,OTHH,VTBS
Fri 12:28:39,25.0409,56.165,83.0,518.0,596.0,11278.0,0.0, FlightAware ADS-B  (DXB / OMDB) ,30.0,264.8888888888889,7946.666666666668,0.0,OnGoing,QTR834,OTHH,VTBS
Fri 12:29:09,25.0501,56.2439,83.0,518.0,596.0,11278.0,0.0, FlightAware ADS-B  (DXB / OMDB) ,30.0,264.8888888888889,7946.666666666668,0.0,OnGoing,QTR834,OTHH,VTBS
Fri 12:29:40,25.0591,56.3223,83.0,519.0,597.0,11278.0,0.0, FlightAware ADS-B  (DXB / OMDB) ,31.0,265.3333333333333,8225.333333333332,0.0,OnGoing,QTR834,OTHH,VTBS
Fri 12:30:16,25.0702,56.42,84.0,520.0,598.0,11278.0,0.0, FlightAware ADS-B  (RKT / OMRK) ,36.0,265.77777777777777,9568.0,0.0,OnGoing,QTR834,OTHH,VTBS
Fri 12:30:38,25.0736,56.4765,89.0,519.0,597.0,11278.0,0.0, FlightAware ADS-B  (DXB / OMDB) ,22.0,265.3333333333333,5837.333333333333,0.0,OnGoing,QTR834,OTHH,VTBS
Fri 12:31:08,25.0717,56.5588,94.0,518.0,596.0,11278.0,0.0, FlightAware ADS-B  (DWC / OMDW) ,30.0,264.8888888888889,7946.666666666668,0.0,OnGoing,QTR834,OTHH,VTBS
Fri 12:31:38,25.0634,56.6342,100.0,516.0,594.0,11278.0,0.0, FlightAware ADS-B  (MCT / OOMS) ,30.0,264.0,7920.0,0.0,OnGoing,QTR834,OTHH,VTBS
Fri 12:32:17,25.0446,56.7342,102.0,515.0,593.0,11278.0,0.0, FlightAware ADS-B  (MCT / OOMS) ,39.0,263.55555555555554,10278.666666666666,0.0,OnGoing,QTR834,OTHH,VTBS
Fri 12:32:52,25.0271,56.8271,102.0,516.0,594.0,11278.0,0.0, FlightAware ADS-B  (MCT / OOMS) ,35.0,264.0,9240.0,0.0,OnGoing,QTR834,OTHH,VTBS
Fri 12:33:22,25.0125,56.9042,102.0,515.0,593.0,11278.0,0.0, FlightAware ADS-B  (MCT / OOMS) ,30.0,263.55555555555554,7906.666666666666,0.0,OnGoing,QTR834,OTHH,VTBS
Fri 12:33:52,24.9974,56.982,102.0,514.0,592.0,11278.0,0.0, FlightAware ADS-B  (MCT / OOMS) ,30.0,263.1111111111111,7893.333333333332,0.0,OnGoing,QTR834,OTHH,VTBS
Fri 12:34:22,24.9827,57.058,102.0,514.0,592.0,11278.0,0.0, FlightAware ADS-B  (MCT / OOMS) ,30.0,263.1111111111111,7893.333333333332,0.0,OnGoing,QTR834,OTHH,VTBS
Fri 12:34:52,24.9683,57.1325,102.0,513.0,590.0,11278.0,0.0, FlightAware ADS-B  (MCT / OOMS) ,30.0,262.22222222222223,7866.666666666667,0.0,OnGoing,QTR834,OTHH,VTBS
Fri 12:35:22,24.9533,57.2099,102.0,513.0,590.0,11278.0,0.0, FlightAware ADS-B  (MCT / OOMS) ,30.0,262.22222222222223,7866.666666666667,0.0,OnGoing,QTR834,OTHH,VTBS
Fri 12:35:55,24.9371,57.2927,102.0,512.0,589.0,11278.0,0.0, FlightAware ADS-B  (MCT / OOMS) ,33.0,261.77777777777777,8638.666666666666,0.0,OnGoing,QTR834,OTHH,VTBS
Fri 12:36:29,24.92,57.3805,102.0,513.0,590.0,11278.0,0.0, FlightAware ADS-B  (MCT / OOMS) ,34.0,262.22222222222223,8915.555555555557,0.0,OnGoing,QTR834,OTHH,VTBS
Fri 12:36:59,24.9049,57.457,102.0,512.0,589.0,11278.0,0.0, FlightAware ADS-B  (MCT / OOMS) ,30.0,261.77777777777777,7853.333333333333,0.0,OnGoing,QTR834,OTHH,VTBS
Fri 12:37:30,24.8898,57.5341,102.0,513.0,590.0,11278.0,0.0, FlightAware ADS-B  (MCT / OOMS) ,31.0,262.22222222222223,8128.888888888889,0.0,OnGoing,QTR834,OTHH,VTBS
Fri 12:38:00,24.8748,57.6104,102.0,514.0,592.0,11278.0,0.0, FlightAware ADS-B  (MCT / OOMS) ,30.0,263.1111111111111,7893.333333333332,0.0,OnGoing,QTR834,OTHH,VTBS
Fri 12:38:30,24.8595,57.6873,102.0,514.0,592.0,11278.0,0.0, FlightAware ADS-B  (MCT / OOMS) ,30.0,263.1111111111111,7893.333333333332,0.0,OnGoing,QTR834,OTHH,VTBS
Fri 12:39:00,24.8443,57.7639,102.0,514.0,592.0,11278.0,0.0, FlightAware ADS-B  (MCT / OOMS) ,30.0,263.1111111111111,7893.333333333332,0.0,OnGoing,QTR834,OTHH,VTBS
Fri 12:39:30,24.8291,57.8405,102.0,513.0,590.0,11278.0,0.0, FlightAware ADS-B  (MCT / OOMS) ,30.0,262.22222222222223,7866.666666666667,0.0,OnGoing,QTR834,OTHH,VTBS
Fri 12:40:00,24.8134,57.9183,103.0,512.0,589.0,11278.0,0.0, FlightAware ADS-B  (MCT / OOMS) ,30.0,261.77777777777777,7853.333333333333,0.0,OnGoing,QTR834,OTHH,VTBS
Fri 12:40:30,24.798,57.9941,103.0,512.0,589.0,11278.0,0.0, FlightAware ADS-B  (MCT / OOMS) ,30.0,261.77777777777777,7853.333333333333,0.0,OnGoing,QTR834,OTHH,VTBS
Fri 12:41:01,24.7821,58.0716,103.0,511.0,588.0,11278.0,0.0, FlightAware ADS-B  (MCT / OOMS) ,31.0,261.3333333333333,8101.333333333333,0.0,OnGoing,QTR834,OTHH,VTBS
Fri 12:41:31,24.7666,58.1477,103.0,512.0,589.0,11278.0,0.0, FlightAware ADS-B  (MCT / OOMS) ,30.0,261.77777777777777,7853.333333333333,0.0,OnGoing,QTR834,OTHH,VTBS
Fri 12:42:01,24.751,58.2242,103.0,511.0,588.0,11278.0,0.0, FlightAware ADS-B  (MCT / OOMS) ,30.0,261.3333333333333,7839.999999999999,0.0,OnGoing,QTR834,OTHH,VTBS
Fri 12:42:31,24.7356,58.2992,103.0,512.0,589.0,11278.0,0.0, FlightAware ADS-B  (MCT / OOMS) ,30.0,261.77777777777777,7853.333333333333,0.0,OnGoing,QTR834,OTHH,VTBS
Fri 12:43:01,24.7199,58.3752,103.0,512.0,589.0,11278.0,0.0, FlightAware ADS-B  (MCT / OOMS) ,30.0,261.77777777777777,7853.333333333333,0.0,OnGoing,QTR834,OTHH,VTBS
Fri 12:43:31,24.7039,58.4532,103.0,512.0,589.0,11278.0,0.0, FlightAware ADS-B  (MCT / OOMS) ,30.0,261.77777777777777,7853.333333333333,0.0,OnGoing,QTR834,OTHH,VTBS
Fri 12:44:01,24.688,58.5296,103.0,511.0,588.0,11278.0,0.0, FlightAware ADS-B  (MCT / OOMS) ,30.0,261.3333333333333,7839.999999999999,0.0,OnGoing,QTR834,OTHH,VTBS
Fri 12:44:32,24.6726,58.604,103.0,511.0,588.0,11278.0,0.0, FlightAware ADS-B  (MCT / OOMS) ,31.0,261.3333333333333,8101.333333333333,0.0,OnGoing,QTR834,OTHH,VTBS
Fri 12:45:02,24.6563,58.6819,103.0,511.0,588.0,11278.0,0.0, FlightAware ADS-B  (MCT / OOMS) ,30.0,261.3333333333333,7839.999999999999,0.0,OnGoing,QTR834,OTHH,VTBS
Fri 12:45:32,24.6406,58.7576,103.0,512.0,589.0,11278.0,0.0, FlightAware ADS-B  (MCT / OOMS) ,30.0,261.77777777777777,7853.333333333333,0.0,OnGoing,QTR834,OTHH,VTBS
Fri 12:46:02,24.6245,58.8345,103.0,512.0,589.0,11278.0,0.0, FlightAware ADS-B  (MCT / OOMS) ,30.0,261.77777777777777,7853.333333333333,0.0,OnGoing,QTR834,OTHH,VTBS
Fri 12:46:32,24.6084,58.9113,103.0,512.0,589.0,11278.0,0.0, FlightAware ADS-B  (MCT / OOMS) ,30.0,261.77777777777777,7853.333333333333,0.0,OnGoing,QTR834,OTHH,VTBS
Fri 12:47:02,24.5925,58.9866,103.0,513.0,590.0,11278.0,0.0, FlightAware ADS-B  (MCT / OOMS) ,30.0,262.22222222222223,7866.666666666667,0.0,OnGoing,QTR834,OTHH,VTBS
Fri 12:47:32,24.5764,59.0633,103.0,513.0,590.0,11278.0,0.0, FlightAware ADS-B  (MCT / OOMS) ,30.0,262.22222222222223,7866.666666666667,0.0,OnGoing,QTR834,OTHH,VTBS
Fri 12:48:03,24.5601,59.1401,103.0,513.0,590.0,11278.0,0.0, FlightAware ADS-B  (MCT / OOMS) ,31.0,262.22222222222223,8128.888888888889,0.0,OnGoing,QTR834,OTHH,VTBS
Fri 12:48:33,24.544,59.2159,103.0,512.0,589.0,11278.0,0.0, FlightAware ADS-B  (MCT / OOMS) ,30.0,261.77777777777777,7853.333333333333,0.0,OnGoing,QTR834,OTHH,VTBS
Fri 12:49:03,24.528,59.2913,103.0,511.0,588.0,11278.0,0.0, FlightAware ADS-B  (MCT / OOMS) ,30.0,261.3333333333333,7839.999999999999,0.0,OnGoing,QTR834,OTHH,VTBS
Fri 12:49:33,24.5116,59.3683,103.0,511.0,588.0,11278.0,0.0, FlightAware ADS-B  (MCT / OOMS) ,30.0,261.3333333333333,7839.999999999999,0.0,OnGoing,QTR834,OTHH,VTBS
Fri 12:50:03,24.4952,59.4451,103.0,513.0,590.0,11278.0,0.0, FlightAware ADS-B  (MCT / OOMS) ,30.0,262.22222222222223,7866.666666666667,0.0,OnGoing,QTR834,OTHH,VTBS
Fri 12:50:33,24.4789,59.5209,103.0,513.0,590.0,11278.0,0.0, FlightAware ADS-B  (MCT / OOMS) ,30.0,262.22222222222223,7866.666666666667,0.0,OnGoing,QTR834,OTHH,VTBS
Fri 12:51:04,24.4626,59.5966,103.0,514.0,592.0,11278.0,0.0, FlightAware ADS-B  (MCT / OOMS) ,31.0,263.1111111111111,8156.444444444443,0.0,OnGoing,QTR834,OTHH,VTBS
Fri 12:51:54,24.4347,59.7263,103.0,515.0,593.0,11278.0,0.0, FlightAware ADS-B  (MCT / OOMS) ,50.0,263.55555555555554,13177.777777777777,0.0,OnGoing,QTR834,OTHH,VTBS
Fri 12:52:29,24.416,59.8127,103.0,515.0,593.0,11278.0,0.0, FlightAware ADS-B  (MCT / OOMS) ,35.0,263.55555555555554,9224.444444444443,0.0,OnGoing,QTR834,OTHH,VTBS
Fri 12:53:00,24.399,59.891,103.0,515.0,593.0,11278.0,0.0, FlightAware ADS-B  (MCT / OOMS) ,31.0,263.55555555555554,8170.222222222222,0.0,OnGoing,QTR834,OTHH,VTBS
Fri 12:53:35,24.3798,59.9793,103.0,513.0,590.0,11278.0,0.0, FlightAware ADS-B  (MCT / OOMS) ,35.0,262.22222222222223,9177.777777777777,0.0,OnGoing,QTR834,OTHH,VTBS
Fri 12:54:05,24.3632,60.0553,103.0,512.0,589.0,11278.0,0.0, FlightAware ADS-B  (MCT / OOMS) ,30.0,261.77777777777777,7853.333333333333,0.0,OnGoing,QTR834,OTHH,VTBS
Fri 12:54:35,24.3468,60.1305,103.0,512.0,589.0,11278.0,0.0, FlightAware ADS-B  (MCT / OOMS) ,30.0,261.77777777777777,7853.333333333333,0.0,OnGoing,QTR834,OTHH,VTBS
Fri 12:55:05,24.33,60.2072,103.0,512.0,589.0,11278.0,0.0, FlightAware ADS-B  (MCT / OOMS) ,30.0,261.77777777777777,7853.333333333333,0.0,OnGoing,QTR834,OTHH,VTBS
Fri 12:55:35,24.3133,60.2829,104.0,511.0,588.0,11278.0,0.0, FlightAware ADS-B  (MCT / OOMS) ,30.0,261.3333333333333,7839.999999999999,0.0,OnGoing,QTR834,OTHH,VTBS
Fri 12:56:05,24.2966,60.3589,104.0,511.0,588.0,11278.0,0.0, FlightAware ADS-B  (MCT / OOMS) ,30.0,261.3333333333333,7839.999999999999,0.0,OnGoing,QTR834,OTHH,VTBS
Fri 12:56:35,24.2801,60.4334,104.0,510.0,587.0,11278.0,0.0, FlightAware ADS-B  (MCT / OOMS) ,30.0,260.8888888888889,7826.666666666668,0.0,OnGoing,QTR834,OTHH,VTBS
Fri 12:57:05,24.2633,60.509,104.0,509.0,586.0,11278.0,0.0, FlightAware ADS-B  (MCT / OOMS) ,30.0,260.44444444444446,7813.333333333334,0.0,OnGoing,QTR834,OTHH,VTBS
Fri 12:57:36,24.2463,60.5859,104.0,509.0,586.0,11278.0,0.0, FlightAware ADS-B  (MCT / OOMS) ,31.0,260.44444444444446,8073.777777777778,0.0,OnGoing,QTR834,OTHH,VTBS
Fri 12:58:06,24.2297,60.6606,104.0,509.0,586.0,11278.0,0.0, FlightAware ADS-B  (MCT / OOMS) ,30.0,260.44444444444446,7813.333333333334,0.0,OnGoing,QTR834,OTHH,VTBS
Fri 12:58:36,24.2126,60.737,104.0,510.0,587.0,11278.0,0.0, FlightAware ADS-B  (MCT / OOMS) ,30.0,260.8888888888889,7826.666666666668,0.0,OnGoing,QTR834,OTHH,VTBS
Fri 12:59:06,24.1957,60.8125,104.0,510.0,587.0,11278.0,0.0, FlightAware ADS-B  (MCT / OOMS) ,30.0,260.8888888888889,7826.666666666668,0.0,OnGoing,QTR834,OTHH,VTBS
Fri 12:59:36,24.1793,60.8857,104.0,510.0,587.0,11278.0,0.0, FlightAware ADS-B  (MCT / OOMS) ,30.0,260.8888888888889,7826.666666666668,0.0,OnGoing,QTR834,OTHH,VTBS
Fri 13:00:06,24.1617,60.9635,104.0,510.0,587.0,11278.0,0.0, FlightAware ADS-B  (MCT / OOMS) ,30.0,260.8888888888889,7826.666666666668,0.0,OnGoing,QTR834,OTHH,VTBS
Fri 13:00:37,24.1448,61.0388,104.0,511.0,588.0,11278.0,0.0, FlightAware ADS-B  (MCT / OOMS) ,31.0,261.3333333333333,8101.333333333333,0.0,OnGoing,QTR834,OTHH,VTBS
Fri 13:01:30,24.1144,61.1733,104.0,511.0,588.0,11278.0,0.0, FlightAware ADS-B  (MCT / OOMS) ,53.0,261.3333333333333,13850.666666666666,0.0,OnGoing,QTR834,OTHH,VTBS
Fri 13:02:01,24.0967,61.2513,104.0,511.0,588.0,11278.0,0.0, FlightAware ADS-B  (MCT / OOMS) ,31.0,261.3333333333333,8101.333333333333,0.0,OnGoing,QTR834,OTHH,VTBS
Fri 13:02:36,24.08,61.3377,98.0,512.0,589.0,11278.0,0.0, FlightAware ADS-B  (MCT / OOMS) ,35.0,261.77777777777777,9162.222222222223,0.0,OnGoing,QTR834,OTHH,VTBS
Fri 13:03:17,24.0718,61.4427,92.0,512.0,589.0,11278.0,0.0, FlightAware ADS-B  (MCT / OOMS) ,41.0,261.77777777777777,10732.888888888889,0.0,OnGoing,QTR834,OTHH,VTBS
Fri 13:04:10,24.0764,61.5809,87.0,514.0,592.0,11278.0,19.0, FlightAware ADS-B  (MCT / OOMS) ,53.0,263.1111111111111,13944.888888888887,0.0,OnGoing,QTR834,OTHH,VTBS
Fri 13:35:29,24.1414,66.4171,90.0,504.0,580.0,11887.0,19.0, FlightAware ADS-B  (BHJ / VABJ) ,1879.0,257.77777777777777,484364.44444444444,0.0720390179691043,OnGoing,QTR834,OTHH,VTBS
Fri 13:36:31,24.1409,66.5757,90.0,505.0,581.0,11887.0,0.0, FlightAware ADS-B  (BHJ / VABJ) ,62.0,258.22222222222223,16009.777777777777,0.0,OnGoing,QTR834,OTHH,VTBS
Fri 13:37:05,24.1406,66.6612,90.0,505.0,581.0,11887.0,0.0, FlightAware ADS-B  (BHJ / VABJ) ,34.0,258.22222222222223,8779.555555555557,0.0,OnGoing,QTR834,OTHH,VTBS
Fri 13:37:47,24.1401,66.7679,90.0,506.0,582.0,11887.0,0.0, FlightAware ADS-B  (BHJ / VABJ) ,42.0,258.6666666666667,10864.0,0.0,OnGoing,QTR834,OTHH,VTBS
Fri 13:38:55,24.1392,66.9435,90.0,506.0,582.0,11887.0,0.0, FlightAware ADS-B  (BHJ / VABJ) ,68.0,258.6666666666667,17589.333333333336,0.0,OnGoing,QTR834,OTHH,VTBS
Fri 13:39:32,24.1385,67.0363,91.0,506.0,582.0,11887.0,0.0, FlightAware ADS-B  (BHJ / VABJ) ,37.0,258.6666666666667,9570.666666666668,0.0,OnGoing,QTR834,OTHH,VTBS
Fri 13:40:02,24.138,67.1137,91.0,507.0,583.0,11887.0,0.0, FlightAware ADS-B  (BHJ / VABJ) ,30.0,259.1111111111111,7773.333333333332,0.0,OnGoing,QTR834,OTHH,VTBS
Fri 13:41:03,24.1368,67.2714,91.0,508.0,585.0,11887.0,0.0, FlightAware ADS-B  (BHJ / VABJ) ,61.0,260.0,15860.0,0.0,OnGoing,QTR834,OTHH,VTBS
Fri 13:41:33,24.1361,67.3483,91.0,508.0,585.0,11887.0,0.0, FlightAware ADS-B  (BHJ / VABJ) ,30.0,260.0,7800.0,0.0,OnGoing,QTR834,OTHH,VTBS
Fri 13:42:03,24.1354,67.4244,91.0,509.0,586.0,11887.0,0.0, FlightAware ADS-B  (BHJ / VABJ) ,30.0,260.44444444444446,7813.333333333334,0.0,OnGoing,QTR834,OTHH,VTBS
Fri 13:42:33,24.1347,67.5015,91.0,509.0,586.0,11887.0,0.0, FlightAware ADS-B  (BHJ / VABJ) ,30.0,260.44444444444446,7813.333333333334,0.0,OnGoing,QTR834,OTHH,VTBS
Fri 13:43:03,24.134,67.5795,91.0,509.0,586.0,11887.0,0.0, FlightAware ADS-B  (BHJ / VABJ) ,30.0,260.44444444444446,7813.333333333334,0.0,OnGoing,QTR834,OTHH,VTBS
Fri 13:43:36,24.1331,67.6639,91.0,509.0,586.0,11887.0,0.0, FlightAware ADS-B  (BHJ / VABJ) ,33.0,260.44444444444446,8594.666666666668,0.0,OnGoing,QTR834,OTHH,VTBS
Fri 13:44:06,24.1322,67.7417,91.0,509.0,586.0,11887.0,0.0, FlightAware ADS-B  (BHJ / VABJ) ,30.0,260.44444444444446,7813.333333333334,0.0,OnGoing,QTR834,OTHH,VTBS
Fri 13:44:37,24.1313,67.8186,91.0,509.0,586.0,11887.0,0.0, FlightAware ADS-B  (BHJ / VABJ) ,31.0,260.44444444444446,8073.777777777778,0.0,OnGoing,QTR834,OTHH,VTBS
Fri 13:45:07,24.1304,67.8974,91.0,509.0,586.0,11887.0,0.0, FlightAware ADS-B  (BHJ / VABJ) ,30.0,260.44444444444446,7813.333333333334,0.0,OnGoing,QTR834,OTHH,VTBS
Fri 13:45:37,24.1294,67.9725,91.0,510.0,587.0,11887.0,0.0, FlightAware ADS-B  (BHJ / VABJ) ,30.0,260.8888888888889,7826.666666666668,0.0,OnGoing,QTR834,OTHH,VTBS
Fri 13:46:07,24.1284,68.0514,91.0,510.0,587.0,11887.0,0.0, FlightAware ADS-B  (BHJ / VABJ) ,30.0,260.8888888888889,7826.666666666668,0.0,OnGoing,QTR834,OTHH,VTBS
Fri 13:46:37,24.1273,68.1308,91.0,510.0,587.0,11887.0,0.0, FlightAware ADS-B  (BHJ / VABJ) ,30.0,260.8888888888889,7826.666666666668,0.0,OnGoing,QTR834,OTHH,VTBS
Fri 13:47:07,24.1262,68.2073,91.0,509.0,586.0,11887.0,0.0, FlightAware ADS-B  (BHJ / VABJ) ,30.0,260.44444444444446,7813.333333333334,0.0,OnGoing,QTR834,OTHH,VTBS
Fri 13:47:37,24.1251,68.2854,91.0,508.0,585.0,11887.0,0.0, FlightAware ADS-B  (BHJ / VABJ) ,30.0,260.0,7800.0,0.0,OnGoing,QTR834,OTHH,VTBS
Fri 13:48:07,24.124,68.3614,91.0,509.0,586.0,11887.0,0.0, FlightAware ADS-B  (BHJ / VABJ) ,30.0,260.44444444444446,7813.333333333334,0.0,OnGoing,QTR834,OTHH,VTBS
Fri 13:48:38,24.1228,68.4389,91.0,509.0,586.0,11887.0,0.0, FlightAware ADS-B  (BHJ / VABJ) ,31.0,260.44444444444446,8073.777777777778,0.0,OnGoing,QTR834,OTHH,VTBS
Fri 13:49:18,24.121,68.5449,91.0,510.0,587.0,11887.0,0.0, FlightAware ADS-B  (BHJ / VABJ) ,40.0,260.8888888888889,10435.555555555557,0.0,OnGoing,QTR834,OTHH,VTBS
Fri 13:49:50,24.1196,68.6273,91.0,510.0,587.0,11887.0,0.0, FlightAware ADS-B  (BHJ / VABJ) ,32.0,260.8888888888889,8348.444444444445,0.0,OnGoing,QTR834,OTHH,VTBS
Fri 13:50:20,24.1183,68.7044,91.0,509.0,586.0,11887.0,0.0, FlightAware ADS-B  (BHJ / VABJ) ,30.0,260.44444444444446,7813.333333333334,0.0,OnGoing,QTR834,OTHH,VTBS
Fri 13:50:51,24.1168,68.7818,92.0,508.0,585.0,11887.0,0.0, FlightAware ADS-B  (BHJ / VABJ) ,31.0,260.0,8060.0,0.0,OnGoing,QTR834,OTHH,VTBS
Fri 13:51:21,24.1138,68.8592,93.0,507.0,583.0,11887.0,0.0, FlightAware ADS-B  (BHJ / VABJ) ,30.0,259.1111111111111,7773.333333333332,0.0,OnGoing,QTR834,OTHH,VTBS
Fri 13:51:51,24.1105,68.9357,93.0,507.0,583.0,11887.0,0.0, FlightAware ADS-B  (BHJ / VABJ) ,30.0,259.1111111111111,7773.333333333332,0.0,OnGoing,QTR834,OTHH,VTBS
Fri 13:52:35,24.1061,69.0481,92.0,506.0,582.0,11887.0,0.0, FlightAware ADS-B  (BHJ / VABJ) ,44.0,258.6666666666667,11381.333333333334,0.0,OnGoing,QTR834,OTHH,VTBS
Fri 13:53:05,24.1032,69.1251,93.0,508.0,585.0,11887.0,0.0, FlightAware ADS-B  (BHJ / VABJ) ,30.0,260.0,7800.0,0.0,OnGoing,QTR834,OTHH,VTBS
Fri 13:53:35,24.1001,69.2022,93.0,509.0,586.0,11887.0,0.0, FlightAware ADS-B  (BHJ / VABJ) ,30.0,260.44444444444446,7813.333333333334,0.0,OnGoing,QTR834,OTHH,VTBS
Fri 13:54:05,24.0971,69.2802,93.0,510.0,587.0,11887.0,0.0, FlightAware ADS-B  (BHJ / VABJ) ,30.0,260.8888888888889,7826.666666666668,0.0,OnGoing,QTR834,OTHH,VTBS
Fri 13:54:35,24.094,69.3558,93.0,511.0,588.0,11887.0,0.0, FlightAware ADS-B  (BHJ / VABJ) ,30.0,261.3333333333333,7839.999999999999,0.0,OnGoing,QTR834,OTHH,VTBS
Fri 13:55:05,24.0908,69.4343,93.0,511.0,588.0,11887.0,0.0, FlightAware ADS-B  (BHJ / VABJ) ,30.0,261.3333333333333,7839.999999999999,0.0,OnGoing,QTR834,OTHH,VTBS
Fri 13:55:35,24.0876,69.5125,93.0,510.0,587.0,11887.0,0.0, FlightAware ADS-B  (BHJ / VABJ) ,30.0,260.8888888888889,7826.666666666668,0.0,OnGoing,QTR834,OTHH,VTBS
Fri 13:56:05,24.0844,69.5893,93.0,509.0,586.0,11887.0,0.0, FlightAware ADS-B  (BHJ / VABJ) ,30.0,260.44444444444446,7813.333333333334,0.0,OnGoing,QTR834,OTHH,VTBS
Fri 13:56:35,24.0812,69.665,93.0,508.0,585.0,11887.0,0.0, FlightAware ADS-B  (BHJ / VABJ) ,30.0,260.0,7800.0,0.0,OnGoing,QTR834,OTHH,VTBS
Fri 13:57:05,24.0778,69.7424,93.0,508.0,585.0,11887.0,0.0, FlightAware ADS-B  (BHJ / VABJ) ,30.0,260.0,7800.0,0.0,OnGoing,QTR834,OTHH,VTBS
Fri 13:57:36,24.0745,69.8195,93.0,507.0,583.0,11887.0,0.0, FlightAware ADS-B  (BHJ / VABJ) ,31.0,259.1111111111111,8032.444444444443,0.0,OnGoing,QTR834,OTHH,VTBS
Fri 13:58:06,24.0711,69.8973,93.0,506.0,582.0,11887.0,0.0, FlightAware ADS-B  (BHJ / VABJ) ,30.0,258.6666666666667,7760.000000000001,0.0,OnGoing,QTR834,OTHH,VTBS
Fri 13:58:36,24.0677,69.9735,93.0,505.0,581.0,11887.0,0.0, FlightAware ADS-B  (BHJ / VABJ) ,30.0,258.22222222222223,7746.666666666667,0.0,OnGoing,QTR834,OTHH,VTBS
Fri 13:59:06,24.0643,70.0496,93.0,505.0,581.0,11887.0,0.0, FlightAware ADS-B  (BHJ / VABJ) ,30.0,258.22222222222223,7746.666666666667,0.0,OnGoing,QTR834,OTHH,VTBS
Fri 13:59:36,24.0608,70.1256,93.0,504.0,580.0,11887.0,0.0, FlightAware ADS-B  (BHJ / VABJ) ,30.0,257.77777777777777,7733.333333333333,0.0,OnGoing,QTR834,OTHH,VTBS
Fri 14:00:17,24.0561,70.2281,93.0,503.0,579.0,11887.0,0.0, FlightAware ADS-B  (AMD / VAAH) ,41.0,257.3333333333333,10550.666666666666,0.0,OnGoing,QTR834,OTHH,VTBS
Fri 14:00:51,24.052,70.3178,93.0,503.0,579.0,11887.0,0.0, FlightAware ADS-B  (BHJ / VABJ) ,34.0,257.3333333333333,8749.333333333332,0.0,OnGoing,QTR834,OTHH,VTBS
Fri 14:01:21,24.0483,70.3955,93.0,504.0,580.0,11887.0,0.0, FlightAware ADS-B  (BHJ / VABJ) ,30.0,257.77777777777777,7733.333333333333,0.0,OnGoing,QTR834,OTHH,VTBS
Fri 14:01:51,24.0447,70.4719,93.0,504.0,580.0,11887.0,0.0, FlightAware ADS-B  (BHJ / VABJ) ,30.0,257.77777777777777,7733.333333333333,0.0,OnGoing,QTR834,OTHH,VTBS
Fri 14:02:21,24.041,70.5479,93.0,504.0,580.0,11887.0,0.0, FlightAware ADS-B  (BHJ / VABJ) ,30.0,257.77777777777777,7733.333333333333,0.0,OnGoing,QTR834,OTHH,VTBS
Fri 14:02:51,24.0373,70.623,93.0,504.0,580.0,11887.0,0.0, FlightAware ADS-B  (BHJ / VABJ) ,30.0,257.77777777777777,7733.333333333333,0.0,OnGoing,QTR834,OTHH,VTBS
Fri 14:03:21,24.0336,70.6993,93.0,503.0,579.0,11887.0,0.0, FlightAware ADS-B  (BHJ / VABJ) ,30.0,257.3333333333333,7719.999999999999,0.0,OnGoing,QTR834,OTHH,VTBS
Fri 14:03:51,24.0298,70.7761,93.0,503.0,579.0,11887.0,0.0, FlightAware ADS-B  (BHJ / VABJ) ,30.0,257.3333333333333,7719.999999999999,0.0,OnGoing,QTR834,OTHH,VTBS
Fri 14:04:36,24.0243,70.8867,93.0,502.0,578.0,11887.0,0.0, FlightAware ADS-B  (BHJ / VABJ) ,45.0,256.8888888888889,11560.000000000002,0.0,OnGoing,QTR834,OTHH,VTBS
Fri 14:05:06,24.0204,70.9629,93.0,501.0,577.0,11887.0,0.0, FlightAware ADS-B  (BHJ / VABJ) ,30.0,256.44444444444446,7693.333333333334,0.0,OnGoing,QTR834,OTHH,VTBS
Fri 14:05:37,24.0163,71.0409,93.0,501.0,577.0,11887.0,0.0, FlightAware ADS-B  (BHJ / VABJ) ,31.0,256.44444444444446,7949.777777777778,0.0,OnGoing,QTR834,OTHH,VTBS
Fri 14:06:07,24.0125,71.1162,93.0,502.0,578.0,11887.0,0.0, FlightAware ADS-B  (BHJ / VABJ) ,30.0,256.8888888888889,7706.666666666668,0.0,OnGoing,QTR834,OTHH,VTBS
Fri 14:06:37,24.0084,71.194,93.0,503.0,579.0,11887.0,0.0, FlightAware ADS-B  (BHJ / VABJ) ,30.0,257.3333333333333,7719.999999999999,0.0,OnGoing,QTR834,OTHH,VTBS
Fri 14:07:12,24.0036,71.2849,93.0,504.0,580.0,11887.0,0.0, FlightAware ADS-B  (AMD / VAAH) ,35.0,257.77777777777777,9022.222222222223,0.0,OnGoing,QTR834,OTHH,VTBS
Fri 14:07:42,23.9995,71.3606,93.0,503.0,579.0,11887.0,0.0, FlightAware ADS-B  (AMD / VAAH) ,30.0,257.3333333333333,7719.999999999999,0.0,OnGoing,QTR834,OTHH,VTBS
Fri 14:08:13,23.9952,71.4403,93.0,502.0,578.0,11887.0,0.0, FlightAware ADS-B  (AMD / VAAH) ,31.0,256.8888888888889,7963.555555555557,0.0,OnGoing,QTR834,OTHH,VTBS
Fri 14:08:44,23.9909,71.5185,93.0,501.0,577.0,11887.0,0.0, FlightAware ADS-B  (AMD / VAAH) ,31.0,256.44444444444446,7949.777777777778,0.0,OnGoing,QTR834,OTHH,VTBS
Fri 14:09:14,23.9868,71.5936,93.0,500.0,575.0,11887.0,0.0, FlightAware ADS-B  (AMD / VAAH) ,30.0,255.55555555555554,7666.666666666666,0.0,OnGoing,QTR834,OTHH,VTBS
Fri 14:09:45,23.9827,71.6682,93.0,500.0,575.0,11887.0,0.0, FlightAware ADS-B  (AMD / VAAH) ,31.0,255.55555555555554,7922.222222222222,0.0,OnGoing,QTR834,OTHH,VTBS
Fri 14:10:15,23.9784,71.7441,94.0,501.0,577.0,11887.0,0.0, FlightAware ADS-B  (AMD / VAAH) ,30.0,256.44444444444446,7693.333333333334,0.0,OnGoing,QTR834,OTHH,VTBS
Fri 14:10:45,23.974,71.821,94.0,502.0,578.0,11887.0,0.0, FlightAware ADS-B  (AMD / VAAH) ,30.0,256.8888888888889,7706.666666666668,0.0,OnGoing,QTR834,OTHH,VTBS
Fri 14:11:15,23.9697,71.8982,94.0,503.0,579.0,11887.0,0.0, FlightAware ADS-B  (AMD / VAAH) ,30.0,257.3333333333333,7719.999999999999,0.0,OnGoing,QTR834,OTHH,VTBS
Fri 14:11:45,23.9652,71.9747,94.0,504.0,580.0,11887.0,0.0, FlightAware ADS-B  (AMD / VAAH) ,30.0,257.77777777777777,7733.333333333333,0.0,OnGoing,QTR834,OTHH,VTBS
Fri 14:12:15,23.9608,72.0517,94.0,503.0,579.0,11887.0,0.0, FlightAware ADS-B  (AMD / VAAH) ,30.0,257.3333333333333,7719.999999999999,0.0,OnGoing,QTR834,OTHH,VTBS
Fri 14:12:45,23.9564,72.1279,94.0,503.0,579.0,11887.0,0.0, FlightAware ADS-B  (AMD / VAAH) ,30.0,257.3333333333333,7719.999999999999,0.0,OnGoing,QTR834,OTHH,VTBS
Fri 14:13:16,23.9519,72.2032,94.0,503.0,579.0,11887.0,0.0, FlightAware ADS-B  (AMD / VAAH) ,31.0,257.3333333333333,7977.333333333333,0.0,OnGoing,QTR834,OTHH,VTBS
Fri 14:13:46,23.9474,72.2801,94.0,503.0,579.0,11887.0,0.0, FlightAware ADS-B  (AMD / VAAH) ,30.0,257.3333333333333,7719.999999999999,0.0,OnGoing,QTR834,OTHH,VTBS
Fri 14:14:16,23.9428,72.3562,94.0,503.0,579.0,11887.0,0.0, FlightAware ADS-B  (AMD / VAAH) ,30.0,257.3333333333333,7719.999999999999,0.0,OnGoing,QTR834,OTHH,VTBS
Fri 14:14:46,23.9381,72.433,94.0,504.0,580.0,11887.0,0.0, FlightAware ADS-B  (AMD / VAAH) ,30.0,257.77777777777777,7733.333333333333,0.0,OnGoing,QTR834,OTHH,VTBS
Fri 14:15:16,23.9335,72.508,94.0,503.0,579.0,11887.0,0.0, FlightAware ADS-B  (AMD / VAAH) ,30.0,257.3333333333333,7719.999999999999,0.0,OnGoing,QTR834,OTHH,VTBS
Fri 14:15:46,23.9288,72.585,94.0,503.0,579.0,11887.0,0.0, FlightAware ADS-B  (AMD / VAAH) ,30.0,257.3333333333333,7719.999999999999,0.0,OnGoing,QTR834,OTHH,VTBS
Fri 14:16:16,23.9241,72.6611,94.0,503.0,579.0,11887.0,0.0, FlightAware ADS-B  (AMD / VAAH) ,30.0,257.3333333333333,7719.999999999999,0.0,OnGoing,QTR834,OTHH,VTBS
Fri 14:16:46,23.9193,72.7381,94.0,503.0,579.0,11887.0,0.0, FlightAware ADS-B  (AMD / VAAH) ,30.0,257.3333333333333,7719.999999999999,0.0,OnGoing,QTR834,OTHH,VTBS
Fri 14:17:16,23.9145,72.8132,94.0,503.0,579.0,11887.0,0.0, FlightAware ADS-B  (AMD / VAAH) ,30.0,257.3333333333333,7719.999999999999,0.0,OnGoing,QTR834,OTHH,VTBS
Fri 14:17:47,23.9096,72.8905,94.0,504.0,580.0,11887.0,0.0, FlightAware ADS-B  (AMD / VAAH) ,31.0,257.77777777777777,7991.111111111111,0.0,OnGoing,QTR834,OTHH,VTBS
Fri 14:18:17,23.9048,72.9657,94.0,505.0,581.0,11887.0,0.0, FlightAware ADS-B  (AMD / VAAH) ,30.0,258.22222222222223,7746.666666666667,0.0,OnGoing,QTR834,OTHH,VTBS
Fri 14:18:47,23.8998,73.043,94.0,506.0,582.0,11887.0,0.0, FlightAware ADS-B  (AMD / VAAH) ,30.0,258.6666666666667,7760.000000000001,0.0,OnGoing,QTR834,OTHH,VTBS
Fri 14:19:17,23.8948,73.1202,94.0,506.0,582.0,11887.0,0.0, FlightAware ADS-B  (AMD / VAAH) ,30.0,258.6666666666667,7760.000000000001,0.0,OnGoing,QTR834,OTHH,VTBS
Fri 14:19:47,23.8899,73.1958,94.0,506.0,582.0,11887.0,0.0, FlightAware ADS-B  (AMD / VAAH) ,30.0,258.6666666666667,7760.000000000001,0.0,OnGoing,QTR834,OTHH,VTBS
Fri 14:20:17,23.8847,73.2735,94.0,506.0,582.0,11887.0,0.0, FlightAware ADS-B  (AMD / VAAH) ,30.0,258.6666666666667,7760.000000000001,0.0,OnGoing,QTR834,OTHH,VTBS
Fri 14:20:47,23.8797,73.3491,94.0,506.0,582.0,11887.0,0.0, FlightAware ADS-B  (AMD / VAAH) ,30.0,258.6666666666667,7760.000000000001,0.0,OnGoing,QTR834,OTHH,VTBS
Fri 14:21:17,23.8745,73.4256,94.0,506.0,582.0,11887.0,0.0, FlightAware ADS-B  (AMD / VAAH) ,30.0,258.6666666666667,7760.000000000001,0.0,OnGoing,QTR834,OTHH,VTBS
Fri 14:21:48,23.8694,73.502,94.0,506.0,582.0,11887.0,0.0, FlightAware ADS-B  (AMD / VAAH) ,31.0,258.6666666666667,8018.666666666667,0.0,OnGoing,QTR834,OTHH,VTBS
Fri 14:22:18,23.8641,73.5798,94.0,506.0,582.0,11887.0,0.0, FlightAware ADS-B  (AMD / VAAH) ,30.0,258.6666666666667,7760.000000000001,0.0,OnGoing,QTR834,OTHH,VTBS
Fri 14:22:48,23.8588,73.6566,94.0,506.0,582.0,11887.0,0.0, FlightAware ADS-B  (AMD / VAAH) ,30.0,258.6666666666667,7760.000000000001,0.0,OnGoing,QTR834,OTHH,VTBS
Fri 14:23:19,23.8536,73.7329,94.0,506.0,582.0,11887.0,0.0, FlightAware ADS-B  (AMD / VAAH) ,31.0,258.6666666666667,8018.666666666667,0.0,OnGoing,QTR834,OTHH,VTBS
Fri 14:23:49,23.8483,73.8087,94.0,505.0,581.0,11887.0,0.0, FlightAware ADS-B  (AMD / VAAH) ,30.0,258.22222222222223,7746.666666666667,0.0,OnGoing,QTR834,OTHH,VTBS
Fri 14:24:19,23.8429,73.885,94.0,506.0,582.0,11887.0,0.0, FlightAware ADS-B  (AMD / VAAH) ,30.0,258.6666666666667,7760.000000000001,0.0,OnGoing,QTR834,OTHH,VTBS
Fri 14:24:49,23.8374,73.9637,94.0,507.0,583.0,11887.0,0.0, FlightAware ADS-B  (AMD / VAAH) ,30.0,259.1111111111111,7773.333333333332,0.0,OnGoing,QTR834,OTHH,VTBS
Fri 14:25:19,23.8321,74.0381,94.0,508.0,585.0,11887.0,0.0, FlightAware ADS-B  (AMD / VAAH) ,30.0,260.0,7800.0,0.0,OnGoing,QTR834,OTHH,VTBS
Fri 14:25:49,23.8265,74.1158,95.0,508.0,585.0,11887.0,0.0, FlightAware ADS-B  (AMD / VAAH) ,30.0,260.0,7800.0,0.0,OnGoing,QTR834,OTHH,VTBS
Fri 14:26:20,23.8209,74.193,95.0,509.0,586.0,11887.0,0.0, FlightAware ADS-B  (AMD / VAAH) ,31.0,260.44444444444446,8073.777777777778,0.0,OnGoing,QTR834,OTHH,VTBS
Fri 14:26:50,23.8154,74.2692,95.0,509.0,586.0,11887.0,0.0, FlightAware ADS-B  (AMD / VAAH) ,30.0,260.44444444444446,7813.333333333334,0.0,OnGoing,QTR834,OTHH,VTBS
Fri 14:27:20,23.8098,74.3455,95.0,510.0,587.0,11887.0,0.0, FlightAware ADS-B  (AMD / VAAH) ,30.0,260.8888888888889,7826.666666666668,0.0,OnGoing,QTR834,OTHH,VTBS
Fri 14:27:50,23.8041,74.4236,95.0,510.0,587.0,11887.0,0.0, FlightAware ADS-B  (AMD / VAAH) ,30.0,260.8888888888889,7826.666666666668,0.0,OnGoing,QTR834,OTHH,VTBS
Fri 14:28:20,23.7984,74.5005,95.0,511.0,588.0,11887.0,0.0, FlightAware ADS-B  (AMD / VAAH) ,30.0,261.3333333333333,7839.999999999999,0.0,OnGoing,QTR834,OTHH,VTBS
Fri 14:29:06,23.7895,74.6187,95.0,510.0,587.0,11887.0,0.0, FlightAware ADS-B  (AMD / VAAH) ,46.0,260.8888888888889,12000.88888888889,0.0,OnGoing,QTR834,OTHH,VTBS
Fri 14:29:37,23.7836,74.6974,95.0,510.0,587.0,11887.0,0.0, FlightAware ADS-B  (AMD / VAAH) ,31.0,260.8888888888889,8087.555555555557,0.0,OnGoing,QTR834,OTHH,VTBS
Fri 14:30:07,23.7776,74.776,95.0,510.0,587.0,11887.0,0.0, FlightAware ADS-B  (AMD / VAAH) ,30.0,260.8888888888889,7826.666666666668,0.0,OnGoing,QTR834,OTHH,VTBS
Fri 14:30:38,23.7717,74.8537,95.0,509.0,586.0,11887.0,0.0, FlightAware ADS-B  (AMD / VAAH) ,31.0,260.44444444444446,8073.777777777778,0.0,OnGoing,QTR834,OTHH,VTBS
Fri 14:31:08,23.7657,74.9316,95.0,509.0,586.0,11887.0,0.0, FlightAware ADS-B  (AMD / VAAH) ,30.0,260.44444444444446,7813.333333333334,0.0,OnGoing,QTR834,OTHH,VTBS
Fri 14:31:42,23.7591,75.0167,95.0,508.0,585.0,11887.0,0.0, FlightAware ADS-B  (BHO / VABP) ,34.0,260.0,8840.0,0.0,OnGoing,QTR834,OTHH,VTBS
Fri 14:32:12,23.753,75.0945,95.0,508.0,585.0,11887.0,0.0, FlightAware ADS-B  (BHO / VABP) ,30.0,260.0,7800.0,0.0,OnGoing,QTR834,OTHH,VTBS
Fri 14:32:42,23.747,75.1706,95.0,508.0,585.0,11887.0,0.0, FlightAware ADS-B  (BHO / VABP) ,30.0,260.0,7800.0,0.0,OnGoing,QTR834,OTHH,VTBS
Fri 14:33:12,23.7409,75.249,95.0,507.0,583.0,11887.0,0.0, FlightAware ADS-B  (BHO / VABP) ,30.0,259.1111111111111,7773.333333333332,0.0,OnGoing,QTR834,OTHH,VTBS
Fri 14:33:43,23.7348,75.3255,95.0,506.0,582.0,11887.0,0.0, FlightAware ADS-B  (BHO / VABP) ,31.0,258.6666666666667,8018.666666666667,0.0,OnGoing,QTR834,OTHH,VTBS
Fri 14:34:13,23.7286,75.4018,95.0,505.0,581.0,11887.0,0.0, FlightAware ADS-B  (BHO / VABP) ,30.0,258.22222222222223,7746.666666666667,0.0,OnGoing,QTR834,OTHH,VTBS
Fri 14:34:43,23.7227,75.4767,95.0,505.0,581.0,11887.0,0.0, FlightAware ADS-B  (BHO / VABP) ,30.0,258.22222222222223,7746.666666666667,0.0,OnGoing,QTR834,OTHH,VTBS
Fri 14:35:13,23.7164,75.5539,95.0,505.0,581.0,11887.0,0.0, FlightAware ADS-B  (BHO / VABP) ,30.0,258.22222222222223,7746.666666666667,0.0,OnGoing,QTR834,OTHH,VTBS
Fri 14:35:43,23.7101,75.6303,95.0,506.0,582.0,11887.0,0.0, FlightAware ADS-B  (BHO / VABP) ,30.0,258.6666666666667,7760.000000000001,0.0,OnGoing,QTR834,OTHH,VTBS
Fri 14:36:13,23.7039,75.7068,95.0,505.0,581.0,11887.0,0.0, FlightAware ADS-B  (BHO / VABP) ,30.0,258.22222222222223,7746.666666666667,0.0,OnGoing,QTR834,OTHH,VTBS
Fri 14:36:47,23.6968,75.7931,95.0,505.0,581.0,11887.0,0.0, FlightAware ADS-B  (KTU / VIKO) ,34.0,258.22222222222223,8779.555555555557,0.0,OnGoing,QTR834,OTHH,VTBS
Fri 14:37:26,23.6887,75.8896,95.0,504.0,580.0,11887.0,0.0, FlightAware ADS-B  (KTU / VIKO) ,39.0,257.77777777777777,10053.333333333334,0.0,OnGoing,QTR834,OTHH,VTBS
Fri 14:37:56,23.6808,75.9679,99.0,504.0,580.0,11887.0,0.0, FlightAware ADS-B  (IDR / VAID) ,30.0,257.77777777777777,7733.333333333333,0.0,OnGoing,QTR834,OTHH,VTBS
Fri 14:38:23,23.668,76.0348,104.0,503.0,579.0,11887.0,0.0, FlightAware ADS-B  (BHO / VABP) ,27.0,257.3333333333333,6947.999999999999,0.0,OnGoing,QTR834,OTHH,VTBS
Fri 14:38:53,23.6481,76.1063,108.0,502.0,578.0,11887.0,0.0, FlightAware ADS-B  (IDR / VAID) ,30.0,256.8888888888889,7706.666666666668,0.0,OnGoing,QTR834,OTHH,VTBS
Fri 14:39:23,23.6271,76.1776,107.0,503.0,579.0,11887.0,0.0, FlightAware ADS-B  (IDR / VAID) ,30.0,257.3333333333333,7719.999999999999,0.0,OnGoing,QTR834,OTHH,VTBS
Fri 14:39:53,23.6061,76.2501,108.0,504.0,580.0,11887.0,0.0, FlightAware ADS-B  (IDR / VAID) ,30.0,257.77777777777777,7733.333333333333,0.0,OnGoing,QTR834,OTHH,VTBS
Fri 14:40:23,23.5846,76.3237,108.0,504.0,580.0,11887.0,0.0, FlightAware ADS-B  (IDR / VAID) ,30.0,257.77777777777777,7733.333333333333,0.0,OnGoing,QTR834,OTHH,VTBS
Fri 14:40:53,23.5636,76.3954,108.0,504.0,580.0,11887.0,0.0, FlightAware ADS-B  (IDR / VAID) ,30.0,257.77777777777777,7733.333333333333,0.0,OnGoing,QTR834,OTHH,VTBS
Fri 14:41:23,23.5423,76.4676,108.0,504.0,580.0,11887.0,0.0, FlightAware ADS-B  (IDR / VAID) ,30.0,257.77777777777777,7733.333333333333,0.0,OnGoing,QTR834,OTHH,VTBS
Fri 14:41:53,23.5207,76.5405,108.0,505.0,581.0,11887.0,0.0, FlightAware ADS-B  (IDR / VAID) ,30.0,258.22222222222223,7746.666666666667,0.0,OnGoing,QTR834,OTHH,VTBS
Fri 14:42:23,23.4989,76.6144,108.0,505.0,581.0,11887.0,0.0, FlightAware ADS-B  (IDR / VAID) ,30.0,258.22222222222223,7746.666666666667,0.0,OnGoing,QTR834,OTHH,VTBS
Fri 14:42:54,23.4775,76.6867,108.0,505.0,581.0,11887.0,0.0, FlightAware ADS-B  (IDR / VAID) ,31.0,258.22222222222223,8004.888888888889,0.0,OnGoing,QTR834,OTHH,VTBS
Fri 14:43:24,23.4559,76.7596,108.0,504.0,580.0,11887.0,0.0, FlightAware ADS-B  (IDR / VAID) ,30.0,257.77777777777777,7733.333333333333,0.0,OnGoing,QTR834,OTHH,VTBS
Fri 14:43:54,23.4345,76.8313,108.0,503.0,579.0,11887.0,0.0, FlightAware ADS-B  (IDR / VAID) ,30.0,257.3333333333333,7719.999999999999,0.0,OnGoing,QTR834,OTHH,VTBS
Fri 14:44:24,23.4127,76.9044,108.0,501.0,577.0,11887.0,0.0, FlightAware ADS-B  (IDR / VAID) ,30.0,256.44444444444446,7693.333333333334,0.0,OnGoing,QTR834,OTHH,VTBS
Fri 14:44:54,23.3919,76.9745,108.0,500.0,575.0,11887.0,0.0, FlightAware ADS-B  (IDR / VAID) ,30.0,255.55555555555554,7666.666666666666,0.0,OnGoing,QTR834,OTHH,VTBS
Fri 14:45:24,23.3701,77.0473,108.0,499.0,574.0,11887.0,0.0, FlightAware ADS-B  (IDR / VAID) ,30.0,255.11111111111111,7653.333333333333,0.0,OnGoing,QTR834,OTHH,VTBS
Fri 14:45:54,23.3485,77.1194,108.0,497.0,572.0,11887.0,0.0, FlightAware ADS-B  (IDR / VAID) ,30.0,254.22222222222223,7626.666666666667,0.0,OnGoing,QTR834,OTHH,VTBS
Fri 14:46:24,23.3272,77.1903,108.0,497.0,572.0,11887.0,0.0, FlightAware ADS-B  (IDR / VAID) ,30.0,254.22222222222223,7626.666666666667,0.0,OnGoing,QTR834,OTHH,VTBS
Fri 14:46:54,23.3057,77.2621,108.0,498.0,573.0,11887.0,0.0, FlightAware ADS-B  (IDR / VAID) ,30.0,254.66666666666666,7640.0,0.0,OnGoing,QTR834,OTHH,VTBS
Fri 14:47:36,23.2744,77.3656,109.0,500.0,575.0,11887.0,0.0, FlightAware ADS-B  (BHO / VABP) ,42.0,255.55555555555554,10733.333333333332,0.0,OnGoing,QTR834,OTHH,VTBS
Fri 14:48:15,23.2443,77.4549,110.0,500.0,575.0,11887.0,0.0, FlightAware ADS-B  (IXU / VAAU) ,39.0,255.55555555555554,9966.666666666666,0.0,OnGoing,QTR834,OTHH,VTBS
Fri 14:48:48,23.2176,77.5331,110.0,500.0,575.0,11887.0,0.0, FlightAware ADS-B  (BHO / VABP) ,33.0,255.55555555555554,8433.333333333332,0.0,OnGoing,QTR834,OTHH,VTBS
Fri 14:49:18,23.1943,77.6022,110.0,500.0,575.0,11887.0,0.0, FlightAware ADS-B  (BHO / VABP) ,30.0,255.55555555555554,7666.666666666666,0.0,OnGoing,QTR834,OTHH,VTBS
Fri 14:49:49,23.1703,77.6738,110.0,499.0,574.0,11887.0,0.0, FlightAware ADS-B  (BHO / VABP) ,31.0,255.11111111111111,7908.444444444444,0.0,OnGoing,QTR834,OTHH,VTBS
Fri 14:50:19,23.1462,77.7456,110.0,498.0,573.0,11887.0,0.0, FlightAware ADS-B  (BHO / VABP) ,30.0,254.66666666666666,7640.0,0.0,OnGoing,QTR834,OTHH,VTBS
Fri 14:50:49,23.1227,77.8152,110.0,497.0,572.0,11887.0,0.0, FlightAware ADS-B  (BHO / VABP) ,30.0,254.22222222222223,7626.666666666667,0.0,OnGoing,QTR834,OTHH,VTBS
Fri 14:51:19,23.0991,77.8853,110.0,497.0,572.0,11887.0,0.0, FlightAware ADS-B  (BHO / VABP) ,30.0,254.22222222222223,7626.666666666667,0.0,OnGoing,QTR834,OTHH,VTBS
Fri 14:51:49,23.0753,77.9558,110.0,498.0,573.0,11887.0,0.0, FlightAware ADS-B  (BHO / VABP) ,30.0,254.66666666666666,7640.0,0.0,OnGoing,QTR834,OTHH,VTBS
Fri 14:52:19,23.051,78.0276,110.0,500.0,575.0,11887.0,0.0, FlightAware ADS-B  (BHO / VABP) ,30.0,255.55555555555554,7666.666666666666,0.0,OnGoing,QTR834,OTHH,VTBS
Fri 14:52:49,23.0268,78.0989,110.0,498.0,573.0,11887.0,0.0, FlightAware ADS-B  (BHO / VABP) ,30.0,254.66666666666666,7640.0,0.0,OnGoing,QTR834,OTHH,VTBS
Fri 14:53:19,23.0034,78.1677,110.0,496.0,571.0,11887.0,0.0, FlightAware ADS-B  (BHO / VABP) ,30.0,253.77777777777777,7613.333333333333,0.0,OnGoing,QTR834,OTHH,VTBS
Fri 14:53:50,22.9794,78.2381,110.0,495.0,570.0,11887.0,0.0, FlightAware ADS-B  (BHO / VABP) ,31.0,253.33333333333334,7853.333333333334,0.0,OnGoing,QTR834,OTHH,VTBS
Fri 14:54:20,22.9553,78.3089,110.0,496.0,571.0,11887.0,0.0, FlightAware ADS-B  (BHO / VABP) ,30.0,253.77777777777777,7613.333333333333,0.0,OnGoing,QTR834,OTHH,VTBS
Fri 14:54:50,22.9312,78.3797,110.0,497.0,572.0,11887.0,0.0, FlightAware ADS-B  (BHO / VABP) ,30.0,254.22222222222223,7626.666666666667,0.0,OnGoing,QTR834,OTHH,VTBS
Fri 14:55:20,22.9076,78.4486,110.0,498.0,573.0,11887.0,0.0, FlightAware ADS-B  (BHO / VABP) ,30.0,254.66666666666666,7640.0,0.0,OnGoing,QTR834,OTHH,VTBS
Fri 14:55:50,22.883,78.5204,110.0,498.0,573.0,11887.0,0.0, FlightAware ADS-B  (BHO / VABP) ,30.0,254.66666666666666,7640.0,0.0,OnGoing,QTR834,OTHH,VTBS
Fri 14:56:20,22.8594,78.5892,110.0,497.0,572.0,11887.0,0.0, FlightAware ADS-B  (BHO / VABP) ,30.0,254.22222222222223,7626.666666666667,0.0,OnGoing,QTR834,OTHH,VTBS
Fri 14:56:50,22.8352,78.6598,110.0,496.0,571.0,11887.0,0.0, FlightAware ADS-B  (BHO / VABP) ,30.0,253.77777777777777,7613.333333333333,0.0,OnGoing,QTR834,OTHH,VTBS
Fri 14:57:20,22.8112,78.7294,110.0,494.0,568.0,11887.0,0.0, FlightAware ADS-B  (BHO / VABP) ,30.0,252.44444444444446,7573.333333333334,0.0,OnGoing,QTR834,OTHH,VTBS
Fri 14:57:51,22.787,78.7995,110.0,493.0,567.0,11887.0,0.0, FlightAware ADS-B  (BHO / VABP) ,31.0,252.0,7812.0,0.0,OnGoing,QTR834,OTHH,VTBS
Fri 14:58:21,22.7626,78.8702,111.0,492.0,566.0,11887.0,0.0, FlightAware ADS-B  (BHO / VABP) ,30.0,251.55555555555554,7546.666666666666,0.0,OnGoing,QTR834,OTHH,VTBS
Fri 14:58:51,22.7389,78.9388,111.0,492.0,566.0,11887.0,0.0, FlightAware ADS-B  (BHO / VABP) ,30.0,251.55555555555554,7546.666666666666,0.0,OnGoing,QTR834,OTHH,VTBS
Fri 14:59:21,22.715,79.0078,111.0,491.0,565.0,11887.0,8.0, FlightAware ADS-B  (BHO / VABP) ,30.0,251.11111111111111,7533.333333333333,0.0,OnGoing,QTR834,OTHH,VTBS
Fri 14:59:51,22.6906,79.0779,111.0,491.0,565.0,11895.0,0.0, FlightAware ADS-B  (BHO / VABP) ,30.0,251.11111111111111,7533.333333333333,0.06084508702526837,OnGoing,QTR834,OTHH,VTBS
Fri 15:00:21,22.6666,79.1471,111.0,492.0,566.0,11887.0,-8.0, FlightAware ADS-B  (BHO / VABP) ,30.0,251.55555555555554,7546.666666666666,-0.060737586831210055,OnGoing,QTR834,OTHH,VTBS
Fri 15:00:51,22.6427,79.2156,111.0,490.0,564.0,11887.0,0.0, FlightAware ADS-B  (BHO / VABP) ,30.0,250.66666666666666,7520.0,0.0,OnGoing,QTR834,OTHH,VTBS
Fri 15:01:21,22.619,79.2836,111.0,490.0,564.0,11887.0,0.0, FlightAware ADS-B  (BHO / VABP) ,30.0,250.66666666666666,7520.0,0.0,OnGoing,QTR834,OTHH,VTBS
Fri 15:01:51,22.5946,79.3537,111.0,491.0,565.0,11887.0,0.0, FlightAware ADS-B  (BHO / VABP) ,30.0,251.11111111111111,7533.333333333333,0.0,OnGoing,QTR834,OTHH,VTBS
